E;N;porcentagens_co2_poco;poco;poco_numero_projeto;Depth_113Ma_Base_Sal_Profundidade_Area_PUC_RJ;Depth_134Ma_Topo_Embasamento_Indistinto_Profundidade_Area_PUC_RJ;Depth_CT_Espessura_Crustal_Area_PUC_RJ;falha_dist;1_M_falha_dist;2_M_falha_dist;3_M_falha_dist;4_M_falha_dist;5_M_falha_dist;6_M_falha_dist;7_M_falha_dist;8_M_falha_dist;9_M_falha_dist;10_M_falha_dist;ext_fal_M_one_1;ext_fal_M_two_1;ext_fal_M_one_2;ext_fal_M_two_2;ext_fal_M_one_3;ext_fal_M_two_3;ext_fal_M_one_4;ext_fal_M_two_4;ext_fal_M_one_5;ext_fal_M_two_5;ext_fal_M_one_6;ext_fal_M_two_6;ext_fal_M_one_7;ext_fal_M_two_7;ext_fal_M_one_8;ext_fal_M_two_8;ext_fal_M_one_9;ext_fal_M_two_9;ext_fal_M_one_10;ext_fal_M_two_10;dist_Ignea;Crustal_Domain_Limits;magnometria;gravitometria;fluxo_termico;gradiente_termico;dist_helmet;1M_cruza_Helmet;7M_cruza_Helmet;8M_cruza_Helmet;falha_transf3;falha_transf4;falha_tran5;falha_tran6;falha_tran7;falha_tran9;dist_red_line_0;dist_red_line_1;min_M_falha_dist;min_ext_fal_M_dist
781412.4793;7213831.838;0.1;1-BRSA-1063-SPS;0;6064.61572;7387.39844;15629.32;3718.552606;185389.9793;52086.54059;146831.954;19832.99077;120541.6365;40889.70681;202546.2944;173997.7061;161079.4525;222243.4894;211139.7693;188608.0573;78869.66258;99266.52267;171165.6141;147152.2181;73113.47773;29135.07219;122813.4376;147187.1959;40889.70681;104865.3258;213759.8263;208950.4698;175401.0189;189783.1439;161079.4525;169798.7465;222414.8994;223884.5712;7294.09772;27458.06941;-0.00689;0.00074;67.5;40;175101.7902;199378.0504;204468.3902;190895.7736;93296.16073;139538.9002;46465.09834;752.4070628;47824.14583;170923.382;155850.6011;136145.5342;19832.99077;29135.07219
928864.1256;7256824.527;0;1-BRSA-1116-RJS;1;5387.24219;6621.43164;18235.908;2861.657923;74090.90529;75646.79505;36489.82959;141904.2119;84944.53662;155906.3213;103339.1179;102911.61;109120.1695;133390.1644;74764.99478;124066.7406;75646.79505;170193.5512;47051.12453;120233.6736;164500.6226;150374.5128;84944.53662;156472.0091;155906.3213;218383.5701;103339.1179;154541.7801;102911.61;151090.5396;109120.1695;151103.6876;133390.1644;153418.8571;0;39976.68202;0.00297;-0.00047;62.5;40;109576.7185;143478.2788;128874.7345;149965.6863;199282.9697;58984.15912;153748.6914;111478.0667;99027.9618;57620.93574;88081.46916;63786.03266;36489.82959;47051.12453
955749.815;7237691.368;29;1-BRSA-1146-RJS;2;5180.625;5898.74902;18243.449;2818.348953;41096.50498;101606.1736;12006.52035;161865.5159;82991.66063;171582.296;72479.5935;82681.42902;94081.13248;105037.5188;41895.96754;102645.9892;101606.1736;175090.741;21749.20988;110220.1323;174384.4113;168120.6465;82991.66063;149395.705;171582.296;227701.4165;72479.5935;132296.5045;82681.42902;132954.1505;94081.13248;137921.6829;105037.5188;127663.5858;7617.843458;12751.73175;0.00149;0.00051;60;35;76979.72506;121947.9474;103994.0594;131407.0109;204491.695;48351.08207;154953.0922;110469.494;125586.1462;60895.98843;56417.238;33056.26423;12006.52035;21749.20988
912616.0858;7138753.71;96;1-BRSA-1363-RJS;3;5276.80127;6421.17822;18533.865;4307.448253;40347.01941;82621.18208;4834.080168;105170.8738;23804.55422;122466.9239;54824.53344;28268.12344;11898.17543;73307.25108;112260.4428;40347.01941;120204.9327;90985.40598;87120.89827;4834.080168;105170.8738;127457.2434;41088.8144;43292.9414;122466.9239;148174.6356;86726.94294;57961.96454;38086.81515;41191.2748;18053.04682;32203.46495;78119.99336;73307.25108;18055.11146;26382.0096;-0.00483;0.00013;47.5;26;34670.90895;48221.34683;57463.90633;41597.85339;115321.3504;54008.21445;63282.04417;3919.959963;134048.6404;167583.6671;8712.210413;5313.587405;4834.080168;4834.080168
848618.5919;7169950.527;26;1-BRSA-491-SPS;4;5183.14111;6121.27197;18567.828;1150.329161;108085.9234;16054.88848;67034.23617;43667.44274;42106.59571;53104.50942;124143.6751;96063.91144;82721.62706;143692.153;151586.3488;109856.1947;74153.32804;52969.16297;113759.0809;67034.23617;47645.89829;56512.24866;50637.17952;71471.64628;53104.50942;101095.2804;143014.385;128758.7441;99267.22557;109566.4714;82721.62706;90376.59197;145523.1076;144362.8569;6712.562552;33351.26953;0.00297;0.00034;52.5;27;98982.35465;119390.1043;126342.209;110645.6084;81369.4954;76056.48853;38656.67334;625.1344707;76192.97451;172726.6471;75777.87006;56430.42626;16054.88848;47645.89829
955632.6273;7179347.009;76;1-BRSA-559A-RJS;5;5117.62891;5968.21777;18332.025;1171.033684;14347.25841;120111.0372;22717.95758;151034.5109;56962.83698;159866.1523;33231.54518;25427.49574;41816.35536;53743.3892;53145.80924;44349.92079;120111.0372;143951.7339;36957.81539;62937.97924;151765.339;160766.7773;56962.83698;102396.0089;159866.1523;200745.7134;36225.117;74014.60687;25427.49574;75551.39305;41816.35536;84344.97412;53743.3892;71466.35408;6226.82358;22559.59797;-0.00259;-0.00011;52.5;28.5;36239.81345;63604.44975;46911.0765;73810.25752;170986.5873;987.7158988;118650.2677;62733.65025;141465.1752;111073.6475;10163.26831;9341.065762;14347.25841;25427.49574
877170.7872;7145164.384;20;1-BRSA-594-SPS;6;5017.57764;6477.7627;19173.932;1583.113007;76293.79352;46843.45868;31347.75194;69504.14696;11456.69342;86852.35303;90597.65275;63882.72716;47806.08462;108908.6167;136210.0638;76293.79352;101326.3477;58386.61593;103569.4783;31347.75194;69504.14696;92625.67549;38777.91938;38349.01099;86852.35303;115409.5897;118129.2368;91910.78464;70418.10335;71997.79462;51185.53863;52693.83961;113751.8126;108908.6167;8843.1212;9736.275263;-0.00259;-0.00042;47.5;26;61971.81309;83198.50006;93355.67408;73198.11878;85763.45532;66315.26462;34227.00314;6105.915179;109549.175;180124.466;38021.15168;18946.56895;11456.69342;31347.75195
938027.4079;7236392.102;29;1-BRSA-618-RJS;7;5327.33398;6421.73828;17657.951;1222.744136;56121.70725;84029.50852;15188.48731;144306.3681;70885.31854;154679.7277;81697.09901;81376.52537;89218.86641;111046.7189;57637.79363;102375.1094;84029.50852;161143.1777;24897.86522;102501.2028;158863.6105;150855.8115;70885.31854;140408.4128;154679.7277;212488.0659;81697.09901;132768.6724;81376.52537;130407.5784;89218.86641;132223.88;111046.7189;131097.9981;0;21678.41475;-0.00188;0.00013;60;35;88944.11529;121833.5879;106609.609;129146.8245;190556.8472;40892.18895;142280.9307;98679.07977;107996.9038;70764.49193;66214.80145;41472.02334;15188.48731;24897.86522
908020.3198;7279771.388;0.2;1-BRSA-925-RJS;8;5542.17529;6550.00879;19510.07;1236.243472;104529.1326;64578.10502;67374.13034;134615.6755;102779.505;153135.9726;134252.2073;130196.6055;133612.4821;163574.5654;104900.9662;151453.6187;64578.10502;177823.4556;77641.51026;141319.6699;167552.452;145433.031;102779.505;174338.3764;153135.9726;220585.2898;134252.2073;181910.2648;130196.6055;176281.2729;133612.4821;173290.8902;163574.5654;182471.6524;0;50801.23234;0.00149;-0.00128;65;40;140534.036;170619.4098;157759.3477;175414.7967;205814.7306;82778.97663;163512.6756;120672.2425;84440.64779;48345.12177;118911.1701;93959.87821;64578.10502;64578.10502
894392.8037;7240956.169;0.1;1-SHEL-23-RJS;9;5451.146;6216.17578;17410.74;4164.623362;93816.56298;40167.11565;52142.90413;103995.4902;63687.04113;118299.6773;117224.0519;100266.4953;99221.25881;140528.3189;100865.1573;120909.2799;40167.11565;137380.5966;63227.07876;103376.2443;128898.7871;112473.3359;63687.04113;134198.2235;118299.6773;182561.8058;117617.6508;150567.9758;100266.4953;141710.4267;99221.25881;135689.1301;140528.3189;154917.8302;17803.01782;60392.64536;0.00055;-0.00023;62.5;40;123106.7806;139105.0531;130397.3835;141195.5654;165793.652;50583.31287;123045.516;80152.80659;64144.4708;88259.99175;96245.42656;68260.28022;40167.11565;40167.11565
771553.619;7162795.646;0.9;1-STAT-10-SPS;10;6222.07227;8062.37891;18602.822;1854.944424;183291.6333;58490.55939;138395.6671;29260.7103;116767.0436;15925.23157;196799.9965;170705.8521;152244.7342;215469.252;227661.7523;183348.3103;115877.3623;64562.65195;188715.7048;138395.6671;40001.24746;34579.39328;127986.6481;124452.1668;27411.58081;53044.52472;220321.7536;197037.0304;175425.7807;175472.364;157464.2683;152244.7342;220508.162;215469.252;54260.71605;12406.0758;0.00297;0.00034;52.5;28.5;140658.3462;189378.6145;200364.9847;177165.427;42848.31015;152112.3011;612.1953903;43964.10191;97258.81411;219581.9418;122527.137;92092.14178;15925.23157;27411.58081
950314.9767;7275955.848;30;2-ANP-1-RJS;11;5265.59277;6664.0957;18486.799;483.6013755;72011.0753;101199.2111;48836.45911;169305.0954;111239.0088;184256.5319;109356.7557;120513.5444;130126.9408;143130.2759;72011.0753;140889.8165;101199.2111;198579.9845;59821.02113;143929.1017;193240.9061;178342.7712;111239.0088;181669.4309;184256.5319;247125.1853;109356.7557;170769.1729;120513.5444;170447.3189;130126.9408;173457.8495;143130.2759;166260.9927;16666.73302;28303.50292;-0.00013;-0.0017;65;40;107387.8957;160278.4156;142642.3202;169026.6359;227758.6736;82289.52825;181444.3328;138666.7754;123488.4309;30297.60698;84591.80514;66455.88757;48836.45911;59821.02113
975701.6847;7281489.8;44;2-ANP-2A-RJS;12;5213.50537;6515.37012;19003.742;1881.477298;66058.12519;127061.8882;60114.05423;194674.803;129461.9814;208761.6259;107986.5723;129263.2099;141935.5842;143627.0862;66058.12519;148182.9325;127061.8882;219691.7797;69290.69028;158340.2717;216107.9618;203307.659;129461.9814;197402.868;208761.6259;269957.8674;107986.5723;176717.6091;129263.2099;179598.057;141935.5842;185824.7024;143627.0862;169008.315;0;22422.40962;-0.00132;0.00034;62.5;40;92725.87865;167032.5505;146933.759;177895.1994;249065.7243;96393.39088;201037.6958;157324.3834;149464.4185;12958.018;74555.42883;53754.60859;60114.05423;66058.12519
927990.0826;7236395.457;2.8;3-BRSA-1032-RJS;13;5418.36816;6753.37012;17657.951;2720.262475;64510.61543;74037.21862;23741.02508;134569.9803;65851.64704;145506.1362;88600.93259;83066.74964;88690.12409;116150.2661;67207.72552;104300.3812;74037.21862;154134.2073;31820.82068;100004.6252;150738.4615;141383.9899;65851.64704;136784.193;145506.1362;204511.4715;88600.93259;134801.9237;83066.74964;130761.92;88690.12409;130701.699;116150.2661;134731.8227;0;29572.04871;-0.00188;-0.00027;60;35;96144.31073;123634.9044;110034.3852;129676.0432;183474.3554;38565.86865;136213.1774;93244.84274;97995.39696;75705.03359;72181.76045;46334.93849;23741.02508;31820.82068
951885.8657;7258686.681;27;3-BRSA-1053-RJS;14;5280.21924;6645.46582;18312.447;555.7811896;57779.39749;98670.14919;31619.52692;164041.8841;97126.36603;176830.7485;92907.98174;103317.8103;113460.825;126165.4425;57779.39749;123602.1512;98670.14919;186747.3257;42515.01339;128065.2976;183271.5676;171931.9301;97126.36603;166401.1931;176830.7485;237091.0507;92907.98174;153439.5885;103317.8103;153370.4889;113460.825;157017.7264;126165.4425;149008.601;8996.11999;18035.02844;-0.00132;-0.0017;62.5;40;94168.17083;142974.7202;125323.8974;151911.8137;216110.1822;66821.99665;168367.6142;124892.9918;122120.0908;44536.8015;71606.46645;51935.04063;31619.52692;42515.01339
951201.0674;7243081.843;30;3-BRSA-1172-RJS;15;5313.19629;5773.99268;18163.822;2637.59431;47925.95614;96871.89176;16002.698;158717.7031;84072.65986;169425.5442;79424.00216;87698.19589;98088.48371;111663.1389;48539.05475;108005.7414;96871.89176;175292.197;26939.19822;113277.6254;173509.0223;165491.1411;84072.65986;152028.1755;169425.5442;227069.3063;79424.00216;137901.7777;87698.19589;137772.0094;98088.48371;141764.8811;111663.1389;133892.4865;5986.82017;18546.46645;-0.00259;0.00074;60;40;83965.59992;127392.5761;110019.2498;136303.1507;204724.6952;51861.43112;155871.5638;111908.9142;120835.0577;58445.20545;63206.97951;40109.10912;16002.698;26939.19822
854920.7967;7136382.779;5.6;3-BRSA-1179-SPS;16;5053.59717;6117.21875;18787.949;833.1126455;97883.99493;25091.64072;52911.11225;48142.4867;33302.53354;68032.97855;109469.8526;84131.21839;64815.40316;128393.9718;159783.2107;97883.99493;107502.2154;34466.40534;126098.9079;52911.11225;48142.4867;79083.0038;60004.12993;40408.42465;70914.59828;91554.22312;141898.0625;109596.3103;93872.2666;88066.6907;74240.9618;65317.34847;135834.1677;128393.9718;0;28026.76423;-0.00689;-0.00023;47.5;26;68741.31147;102179.4434;115026.6169;89726.66154;62291.42043;88508.66565;12426.90741;24586.96346;110283.3158;198705.5264;54119.30958;29993.19112;25091.64072;34466.40534
975984.5426;7195958.588;77;3-BRSA-1183-RJS;17;5223.14502;5795.08008;18832.238;6311.811614;6347.713127;130751.7021;29170.08658;173616.9098;79475.56328;181324.1522;26372.40149;49876.09469;67843.87599;59174.99234;27241.0056;65137.8603;130751.7021;169309.6158;30941.88512;89203.80341;175689.8707;181049.4169;79475.56328;128569.0807;181324.1522;225748.5053;26372.40149;91882.78704;49876.09469;97828.8068;67843.87599;109347.2058;59174.99234;83547.22934;29050.39181;30094.13228;0.00214;-0.0009;52.5;30;33525.50624;82913.68037;61587.19768;95802.1467;196762.646;20736.04689;144549.6814;88445.98285;153674.2702;87484.96247;11137.94763;4785.82207;6347.713127;26372.40149
945188.7473;7208176.601;40;3-BRSA-1201-RJS;18;5610.89893;6056.5459;18970.043;2770.761802;33685.67524;97620.86648;2770.761802;146731.4949;55742.57321;152896.6449;56943.23383;52709.29608;62786.71325;83115.93396;48260.29903;73483.56646;97620.86648;148664.9659;10879.90556;79120.74524;151090.6544;151418.5283;55742.57321;118589.6641;152896.6449;203242.5172;57204.02965;103783.139;52709.29608;102474.5223;62786.71325;106591.0153;83115.93396;102126.4022;16879.77778;7277.235406;0.00214;-0.00027;55;30;64013.82096;92949.52238;77560.87195;101063.6761;177534.9439;17003.7442;126926.6153;80349.84342;120600.6561;91453.4339;39543.77282;13352.89327;2770.761802;10879.90556
928656.7845;7263537.544;0.1;3-BRSA-1215-RJS;19;5458.52832;6600.55273;18235.908;2129.029638;78273.4511;76879.03795;42239.99037;144415.796;91182.93637;159335.364;108871.6831;109562.0354;115832.2637;139464.3055;78662.75763;130698.2337;76879.03795;175371.1622;53051.64937;126813.9594;168963.5239;153377.4197;91182.93637;162842.7182;159335.364;222804.3365;108871.6831;161162.5346;109562.0354;157804.4472;115832.2637;157760.6337;139464.3055;159815.2421;0;40795.91726;0.00149;-0.00078;65;40;114407.0213;150120.246;135317.7624;156676.226;204347.8762;65659.11258;159413.8564;117242.8147;99739.49101;51730.02985;93122.88213;69753.99583;42239.99037;53051.64937
953701.2806;7171415.275;77;3-BRSA-1246-RJS;20;5300.68994;5663.74121;18332.025;357.4257139;9358.252482;120765.3247;25815.668;148143.3617;55325.01623;157944.3963;32704.68275;17342.92557;34752.08941;49447.14369;60336.98619;36338.66494;122986.9228;139256.7044;44776.26548;56518.11805;148298.3441;159472.9407;55325.01623;95535.35075;157944.3963;196307.4656;37993.64125;66256.37975;17342.92557;67387.9353;34752.08941;76559.67742;49447.14369;64907.9785;0;26289.93957;-0.00689;-0.00011;50;27;32007.32621;55684.53421;40172.02845;65649.09617;165750.777;7158.20597;113322.2375;55444.56439;143661.0147;119006.504;5031.784275;14819.40093;9358.252482;17342.92557
983467.6304;7284298.022;34;3-BRSA-1322-RJS;21;5184.91748;6607.82715;18929.154;1037.27822;67301.28787;135311.592;66223.5994;202913.259;136415.0739;216883.8224;109922.6699;133915.2795;147314.7642;145827.5225;67301.28787;152329.9078;135311.592;227140.0149;74803.90298;164310.6103;223928.4988;211498.5623;136415.0739;203606.8399;216883.8224;277752.2729;109922.6699;180357.4148;133915.2795;184123.7277;147314.7642;191193.5375;145827.5225;171747.2298;0;22008.50367;-0.00188;-0.00054;62.5;40;88721.21098;170940.289;150239.5018;182349.2804;256539.2198;102097.6418;208161.4109;164236.0993;157673.9679;6772.325606;74121.59401;50789.09207;66223.5994;67301.28787
973948.7635;7267410.485;43;3-BRSA-1345-RJS;22;5917.48682;6237.22217;18394.512;3147.588445;53151.77952;121908.0674;46841.40509;187759.1042;117307.959;200422.6651;94393.70432;115157.0445;128115.6919;129848.4651;53151.77952;134002.6156;121908.0674;208531.6282;55518.08637;144938.2893;206126.7752;195634.4805;117307.959;184221.4469;200422.6651;259839.9077;94393.70432;162539.1856;115157.0445;165472.4453;128115.6919;172007.0194;129848.4651;155007.6229;7149.206194;11167.56198;0.00149;-0.00032;62.5;40;84503.80803;152844.5344;132801.9045;163755.7578;237957.5164;82767.51926;189161.5171;145035.7987;145083.2863;26084.29766;63157.199;44651.3297;46841.40509;53151.77952
916702.5445;7171420.13;8.5;3-BRSA-496-RJS;23;4850.06982;5711.0542;19050.123;2391.590834;44453.70597;83774.16251;5432.594478;111402.5952;18972.06722;120962.1414;62281.50561;34076.1349;26395.26714;80961.23276;88777.16064;51213.14351;95608.29883;105272.7425;57350.53515;34151.30742;112051.1519;122738.1272;18972.06722;72519.28442;120962.1414;161588.7129;74923.09034;78932.93876;34076.1349;68683.18502;26395.26714;64971.1913;80961.23276;87229.44046;0;7140.49105;0.00055;-0.00019;52.5;27;57609.0482;67571.52939;64686.0377;68189.77664;133188.3997;22132.28438;81507.00354;33907.98658;113496.4357;137800.6972;29477.88394;2554.12017;5432.594478;18972.06722
929041.6761;7192075.082;20;3-BRSA-755A-RJS;24;4875.46729;5149.20361;18834.229;2168.11496;40929.298;90915.13863;3016.462348;126874.1272;33695.3489;134249.9144;62620.08507;40676.7032;44375.54395;81610.31638;68419.58225;61739.93536;90915.13863;126292.3217;33676.57151;57680.30871;129969.0282;133995.0957;33695.3489;96552.95035;134249.9144;181432.7605;64890.1851;91998.64195;40676.7032;86511.66795;44375.54395;87008.38738;81610.31638;95027.21914;8808.9652;8663.004883;-0.00259;-0.00027;55;28.5;64117.87167;80620.81644;70481.65526;85495.95751;154972.947;27.44137847;104161.3138;57910.5219;112010.5471;113745.9906;36527.22733;8653.452058;3016.462348;33676.57151
882062.0302;7158395.601;17;3-BRSA-788-SPS;25;4957.96777;6344.95459;19279.582;1253.978643;73038.60864;51369.10487;32553.8538;75487.24293;6786.231572;87942.28174;88783.80636;60864.09888;47450.93363;108312.3864;125326.5604;74475.33972;89872.62391;68617.31979;91153.4132;32553.8538;75487.24293;91895.25525;25271.51086;51153.74512;87942.28174;124603.284;110696.2852;94266.63103;64830.31712;76344.88165;47450.93363;60387.11929;110452.95;109115.1612;8124.097957;7631.861621;-0.00689;-0.00054;50;26;69164.51766;84487.62292;91019.42951;77120.08761;97169.8744;53595.50804;46735.39373;2756.718512;100327.2785;166195.5925;43538.95303;23563.10005;6786.231572;25271.51086
855466.228;7175770.673;38;3-BRSA-861-SPS;26;5153.58057;6323.42285;18793.418;1949.179123;102919.6416;22630.48703;63830.02267;51521.95939;37674.538;59655.28833;119577.3608;91177.16048;78047.42778;139237.6167;143295.8101;105490.3694;68122.14639;61463.70846;105167.8132;64269.88411;56526.34787;61610.40672;43267.59276;73817.53655;59655.28833;110062.6787;136093.1733;126031.3708;93584.41819;107758.3683;78047.42778;90025.24658;140270.2007;140624.2136;0;36381.29317;0.00414;0.00058;52.5;28.5;99414.82238;116227.6778;121623.788;108647.9705;90121.73028;67675.38638;47128.15662;4234.075345;72775.71856;164182.4171;74466.34413;54971.85401;22630.48703;43267.59276
945798.1711;7234730.272;30;3-BRSA-891A-RJS;27;5346.78857;6207.07471;18027.051;526.3052051;48338.27287;91922.52156;8720.998432;151510.2408;74182.36658;161235.9718;75501.85313;79244.17493;88767.5286;106068.3378;49758.97579;99887.83029;91922.52156;165665.0349;19747.70838;103508.6286;164392.8218;157738.3771;74182.36658;142143.8113;161235.9718;217825.0907;75501.85313;130049.9948;79244.17493;129007.3037;88767.5286;132299.9501;106068.3378;127157.6691;0;15776.79501;-0.00046;0.00065;60;35;82120.24547;119339.3779;102930.927;127614.5507;195101.2192;42351.99492;146032.524;101981.1712;115881.0375;68375.76944;60244.66069;36246.76234;8720.998432;19747.70838
877855.672;7139436.219;17;3-BRSA-923A-SPS;28;4956.53906;6828.09961;18764.742;3840.302623;75066.60177;47859.38232;29951.94246;70457.40961;10500.22157;89246.21814;88280.97954;61878.77709;44976.88793;106670.4451;138774.644;75066.60177;107063.3007;57184.99344;107098.9899;29951.94246;70457.40961;96006.57446;43324.23639;32583.42409;89645.36716;114452.8927;119034.3689;88952.34823;70815.97504;68449.79858;51110.96035;48150.37371;112883.0665;106670.4451;11700.50021;8970.900636;-0.00046;-0.0017;47.5;26;57026.4284;80694.74131;92202.28896;69793.96159;83567.6186;70166.64044;31330.59927;10338.54999;115012.408;184772.6113;34306.91347;14871.29644;10500.22157;29951.94246
945164.2805;7281575.802;15;3-BRSA-944-RJS;29;5318.31885;6913.88428;18851.328;1511.235702;79588.23213;98341.91482;54675.12329;167258.5139;114053.2319;183154.0524;116534.3299;126093.9895;134928.8609;150013.5593;79588.23213;146686.5958;98341.91482;199728.4002;65815.83526;147922.8853;193380.298;176784.3457;114053.2319;185105.1135;183154.0524;247203.4918;116534.3299;176739.8338;126093.9895;175754.4228;134928.8609;177948.6242;150013.5593;172783.9555;21789.48653;35447.86223;0.00055;0.00034;65;40;115006.8511;166121.1509;148980.2115;174401.3746;228751.2741;86208.85753;183370.2963;141033.7735;120007.1541;28526.03849;92214.13113;74019.66006;54675.12329;65815.83526
958239.6506;7186264.69;76;3-BRSA-967A-RJS;30;5311.84766;6201.09424;18470.539;1021.402717;11162.09418;118813.3477;20998.08496;154495.7882;60191.19638;162780.6236;33882.48236;32819.98756;48821.86449;57645.5183;46448.32932;51465.48911;118813.3477;149129.0736;30446.41772;69506.00653;155967.4042;163145.0257;60191.19638;109161.3986;162780.6236;205660.153;35274.24252;80820.0405;32819.98756;82896.33501;48821.86449;91640.58729;57645.5183;77157.58874;10668.53391;20796.52791;-0.00046;0.00034;52.5;28.5;39287.91709;70593.55738;52904.26677;81133.24119;176542.679;3049.906159;124341.7787;69527.06529;140748.823;103743.0292;14270.77972;5217.570047;11162.09418;30446.41772
914979.1278;7156937.599;12.5;4-BRSA-1047-RJS;31;4877.76318;5709.44043;19148.439;1906.374131;40521.66425;83674.4944;3352.698432;107908.9052;22887.37355;120614.2938;57381.89344;28821.06083;16201.52723;77085.09033;98454.35698;43675.42851;106007.472;97918.27943;70155.44299;19833.90674;107908.9052;123862.0155;26158.27686;59132.10978;120614.2938;155007.5219;78602.89007;68426.61911;31880.95484;55737.90822;16201.52723;50422.44527;77932.5216;79617.42687;6486.481759;11195.45221;-0.00132;-0.00011;50;26;47349.09092;57428.21611;59295.76996;55530.65303;124590.5949;36001.77731;72230.50839;20923.64321;122012.5565;150849.0912;20140.56752;452.4179456;3352.698432;16201.52723
935937.8323;7224100.441;3.4;4-BRSA-1226-RJS;32;5455.96484;6703.74951;18093.982;542.1552112;51429.73336;83969.02078;9122.989311;139864.6068;59715.86844;148295.3172;74406.40358;69466.48282;76776.12869;101510.1949;56951.90759;90594.92881;83969.02078;151227.582;18415.86392;90154.82056;150386.8956;145357.5511;59715.86844;128315.6869;148295.3172;203676.2581;74406.40358;121063.855;69466.48282;118126.4802;76776.12869;119759.147;101510.1949;120324.821;0;18927.91691;-0.00132;-0.00023;60;35;81841.61614;110017.7016;95675.07402;116906.5953;180663.4368;28736.10438;131537.243;87581.89241;107625.5868;82486.42243;57620.12467;31745.07031;9122.989311;18415.86392
853809.2002;7145841.339;5;4-BRSA-709-SPS;33;5041.45166;6056.23047;19122.342;2590.766569;99569.4138;23480.02989;54485.64557;46141.8805;34419.51207;64385.27758;113117.6862;86722.7319;69285.68605;131555.0209;156175.3226;99569.4138;98043.44174;38057.06894;121240.3897;54485.64557;46141.8805;72340.98495;54884.58085;48341.68527;65169.20721;93693.86243;140730.8731;113669.1637;93517.49674;92764.38511;74507.3251;71067.12912;137115.4338;131555.0209;0;30839.63425;-0.00483;0.00074;47.5;26;77014.42361;105566.1635;116661.628;94240.23647;67275.75725;83277.53028;20293.88238;16869.51243;100833.8908;191007.2628;58714.52839;37100.42654;23480.02989;38057.06894
908547.8665;7212907.677;3;4-BRSA-711-RJS;34;4869.76709;5956.38965;18259.377;605.6894821;67058.65303;62440.38206;28607.53015;111288.8897;36832.75485;118761.4889;90220.33876;69005.70604;68126.03043;110764.7702;84102.06494;89520.04151;62440.38206;123709.4121;44135.41701;74459.61623;121275.3594;116120.3795;36832.75485;108721.7639;118761.4889;174826.1069;91389.55582;119155.1919;69005.70604;110792.4814;68126.03043;106449.1391;110764.7702;123814.6768;17299.04217;36480.55083;0.00097;0.00074;57.5;30;93325.52456;107692.7606;99446.40316;110172.5957;153081.0962;19502.37523;105821.4602;63238.86394;84538.80989;105781.884;65463.72922;37071.54657;28607.53015;36832.75485
826706.6598;7137443.227;79;4-BRSA-723-SPS;35;5139.64795;6376.98145;18926.598;3766.128895;126111.5633;3766.128895;81091.05002;20710.55907;61493.49491;41954.982;137139.4687;112317.8974;91682.68861;156371.3793;184173.7376;126111.5633;109966.7849;14312.8015;148453.9907;81091.05002;20710.55907;59718.25231;82347.80919;63811.07448;49066.30754;65495.39641;169000.1272;137139.4687;121469.1773;115245.0184;102103.5996;91682.68861;164033.8048;156371.3793;21849.19408;38235.38953;0.00414;-0.00011;47.5;26;86938.2456;130109.791;143254.8501;117041.7168;42205.406;110330.9321;244.3012166;38062.62975;106144.0795;211911.1939;77069.61118;48809.492;3766.128895;14312.8015
814545.3844;7144506.187;0.7;4-BRSA-946C-SPS;36;5444.4126;7095.26855;19184.232;922.6368392;138571.2803;16094.4674;93442.39152;6963.105971;73688.26137;27895.06207;150633.1197;125193.547;105543.4754;169576.2426;192401.4327;138571.2803;107045.9775;22466.97721;155516.254;93442.39152;6963.105971;47745.55879;90362.75714;77868.19844;36268.15884;58571.20927;179561.8225;150666.4093;132737.4006;128919.2457;113792.8015;105543.4754;176287.8667;169576.2426;33654.80492;25865.58145;0.00214;0.00034;47.5;26;99933.2207;143363.61;155700.3179;130665.2058;42291.79349;117481.9665;1417.92978;37816.16452;99955.47488;212050.1352;91070.46221;59552.56586;6963.105971;6963.105971
799808.8148;7181774.699;0.1;4-BRSA-971B-SPS;37;5881.91113;6906.60498;16766.391;2274.316783;158301.7925;30982.45757;116349.0917;2274.316783;92166.33875;7388.346021;174291.5582;146282.2583;132626.5848;193786.5571;196012.8731;159952.5145;82645.75125;62543.13604;156579.2612;116349.0917;37023.2043;7894.436974;98989.79105;111632.7571;7388.346021;78873.80972;191877.6198;177497.6336;149349.1953;157237.3501;132924.4961;135930.3988;195736.5161;194039.5209;38006.98222;15751.66528;0.00149;-0.0009;55;30;138514.3964;168648.8273;176526.8313;158578.8235;70783.76016;120971.4732;26587.00424;12391.99234;67840.99829;188665.8571;123092.6945;99628.57318;2274.316783;7388.346021
840041.7423;7135285.308;4;4-BRSA-973A-SPS;38;4916.09326;5880.20703;18801.072;2941.613418;112754.6568;10808.98187;67823.65629;33627.46007;48215.30043;54713.80038;123672.9339;98849.92522;78438.8584;142862.8284;173280.6875;112754.6568;109534.3221;20724.32117;138579.5343;67823.65629;33975.81515;69356.0343;72221.96589;51232.2971;59820.38674;77061.41853;156549.2606;123672.9339;108680.7388;101839.3251;89121.20019;78438.8584;150731.868;142862.8284;9561.73744;41720.99198;0.00097;0.0003;47.5;25;77090.972;116601.6181;129894.3686;103610.0735;49981.2054;100626.0936;4909.027133;33115.72803;108865.2769;206959.4981;65301.43741;40407.28823;10808.98187;20724.32117
924257.8166;7188866.807;5.5;7-LL-28D-RJS;39;4850.31299;5330.625;19041.834;664.831495;43576.41979;88974.01246;7648.074845;121507.2534;28003.79143;129133.8257;66003.20841;40289.06103;41358.29467;83312.07972;74064.69927;60881.96416;88974.01246;120533.2518;39331.63331;53035.87637;124360.8342;129154.8897;28003.79143;91488.25261;129133.8257;175716.0863;68777.64528;90763.54906;40289.06103;83944.58378;41358.29467;83076.30891;83312.07972;95137.46437;6041.295937;9703.606451;-0.00188;-0.00023;52.5;28.5;65223.42324;79318.55414;70878.39716;83074.21371;149217.0526;3329.603725;98457.13852;52625.4308;109434.5124;118897.3597;36894.35655;8528.420341;7648.074845;28003.79143
933257.3153;7198950.425;15;7-LL-34D-RJS;40;4968.1792;5393.74561;18834.229;1442.943673;38818.06289;90819.04349;1442.943673;132656.1658;40716.0972;139421.8813;61841.59207;45527.04767;51484.45246;83305.04786;62128.85089;66784.67922;90819.04349;133606.4396;25873.31259;65639.79044;136453.1237;138576.4775;40716.0972;104607.7309;139421.8813;188351.8949;63150.59775;97253.09046;45527.04767;93065.33313;51484.45246;94585.93785;83305.04786;98740.54272;15368.16415;9890.883354;-0.00132;-0.00054;55;30;65957.3488;85997.22508;74008.74955;91925.46635;162453.3132;5340.300683;111881.2871;65969.34027;112756.1032;105686.3018;39229.5673;11555.09618;1442.943673;25873.3126
946935.7578;7207959.753;24.5;9-BRSA-1254-RJS;41;5399.34326;5667.87891;18970.043;2765.77205;32267.01099;99327.09689;2765.77205;148331.1834;57091.29653;154558.2928;55458.05038;52467.08491;63072.00621;81988.18107;46592.64813;73107.14517;99327.09689;149983.3783;9958.854205;79772.29536;152593.7225;153122.0574;57091.29653;119333.1343;154558.2928;204669.6097;55667.45235;103332.0523;52467.08491;102403.1694;63072.00621;106925.3833;81988.18107;101321.3087;17320.97915;6762.568431;0.00149;-0.00042;55;30;62633.4056;92565.45974;76814.35689;100955.7573;178801.1031;17468.71364;128088.5603;81031.01503;122330.5736;90656.66985;38212.7892;12285.34146;2765.77205;9958.854205
905288.891;7178723.529;1;9-LL-30-RJS;42;5055.04639;6608.66748;19116.76;1635.804622;57236.33055;72526.31235;18607.04928;101012.534;6715.035238;109523.247;75829.62574;47593.16475;38617.27872;94376.68238;95503.98185;64505.94204;82718.56768;99107.78929;60311.81625;40349.30673;103088.9167;110583.276;6715.035238;74892.40885;109523.247;154213.2027;86361.11513;91472.80543;47593.16475;79581.71126;38617.27872;72584.47893;94376.68238;100607.9258;0;16754.43174;0.00019;0.00074;52.5;28.5;70378.1367;80229.98134;78229.48776;79357.84581;127946.8553;22729.85971;77568.23929;32877.93738;100075.2053;137073.2941;42494.96357;15517.5707;6715.035238;6715.035238
